{"resultset": {"keys": [{"b": 1,"n": "Genesis","t": "OT","g": 1}, {"b": 2,"n": "Exodus","t": "OT","g": 1}, {"b": 3,"n": "Leviticus","t": "OT","g": 1}, {"b": 4,"n": "Numbers","t": "OT","g": 1}, {"b": 5,"n": "Deuteronomy","t": "OT","g": 1}, {"b": 6,"n": "Joshua","t": "OT","g": 2}, {"b": 7,"n": "Judges","t": "OT","g": 2}, {"b": 8,"n": "Ruth","t": "OT","g": 2}, {"b": 9,"n": "1 Samuel","t": "OT","g": 2}, {"b": 10,"n": "2 Samuel","t": "OT","g": 2}, {"b": 11,"n": "1 Kings","t": "OT","g": 2}, {"b": 12,"n": "2 Kings","t": "OT","g": 2}, {"b": 13,"n": "1 Chronicles","t": "OT","g": 2}, {"b": 14,"n": "2 Chronicles","t": "OT","g": 2}, {"b": 15,"n": "Ezra","t": "OT","g": 2}, {"b": 16,"n": "Nehemiah","t": "OT","g": 2}, {"b": 17,"n": "Esther","t": "OT","g": 2}, {"b": 18,"n": "Job","t": "OT","g": 3}, {"b": 19,"n": "Psalms","t": "OT","g": 3}, {"b": 20,"n": "Proverbs","t": "OT","g": 3}, {"b": 21,"n": "Ecclesiastes","t": "OT","g": 3}, {"b": 22,"n": "Song of Solomon","t": "OT","g": 3}, {"b": 23,"n": "Isaiah","t": "OT","g": 4}, {"b": 24,"n": "Jeremiah","t": "OT","g": 4}, {"b": 25,"n": "Lamentations","t": "OT","g": 4}, {"b": 26,"n": "Ezekiel","t": "OT","g": 4}, {"b": 27,"n": "Daniel","t": "OT","g": 4}, {"b": 28,"n": "Hosea","t": "OT","g": 4}, {"b": 29,"n": "Joel","t": "OT","g": 4}, {"b": 30,"n": "Amos","t": "OT","g": 4}, {"b": 31,"n": "Obadiah","t": "OT","g": 4}, {"b": 32,"n": "Jonah","t": "OT","g": 4}, {"b": 33,"n": "Micah","t": "OT","g": 4}, {"b": 34,"n": "Nahum","t": "OT","g": 4}, {"b": 35,"n": "Habakkuk","t": "OT","g": 4}, {"b": 36,"n": "Zephaniah","t": "OT","g": 4}, {"b": 37,"n": "Haggai","t": "OT","g": 4}, {"b": 38,"n": "Zechariah","t": "OT","g": 4}, {"b": 39,"n": "Malachi","t": "OT","g": 4}, {"b": 40,"n": "Matthew","t": "NT","g": 5}, {"b": 41,"n": "Mark","t": "NT","g": 5}, {"b": 42,"n": "Luke","t": "NT","g": 5}, {"b": 43,"n": "John","t": "NT","g": 5}, {"b": 44,"n": "Acts","t": "NT","g": 6}, {"b": 45,"n": "Romans","t": "NT","g": 7}, {"b": 46,"n": "1 Corinthians","t": "NT","g": 7}, {"b": 47,"n": "2 Corinthians","t": "NT","g": 7}, {"b": 48,"n": "Galatians","t": "NT","g": 7}, {"b": 49,"n": "Ephesians","t": "NT","g": 7}, {"b": 50,"n": "Philippians","t": "NT","g": 7}, {"b": 51,"n": "Colossians","t": "NT","g": 7}, {"b": 52,"n": "1 Thessalonians","t": "NT","g": 7}, {"b": 53,"n": "2 Thessalonians","t": "NT","g": 7}, {"b": 54,"n": "1 Timothy","t": "NT","g": 7}, {"b": 55,"n": "2 Timothy","t": "NT","g": 7}, {"b": 56,"n": "Titus","t": "NT","g": 7}, {"b": 57,"n": "Philemon","t": "NT","g": 7}, {"b": 58,"n": "Hebrews","t": "NT","g": 7}, {"b": 59,"n": "James","t": "NT","g": 7}, {"b": 60,"n": "1 Peter","t": "NT","g": 7}, {"b": 61,"n": "2 Peter","t": "NT","g": 7}, {"b": 62,"n": "1 John","t": "NT","g": 7}, {"b": 63,"n": "2 John","t": "NT","g": 7}, {"b": 64,"n": "3 John","t": "NT","g": 7}, {"b": 65,"n": "Jude","t": "NT","g": 7}, {"b": 66,"n": "Revelation","t": "NT","g": 8}]}}
